<b><color=#038f42>Credits by Skookum Arts</color></b>,
,
<b><color=#038f42>Created by Team1</color></b>,
,
         GameDesing
           Nikita
            Igor

         Scripting  
            Igor
           Andrey
                
        LevelDesing
          Yaroslaw
           Nikita










   Thanks for playing our game.  
   Thanks for playing our game.  
   Thanks for playing our game.  
   Thanks for playing our game.  
   Thanks for playing our game.  
   Thanks for playing our game.  
   Thanks for playing our game.  
   Thanks for playing our game.  
   Thanks for playing our game.  
   Thanks for playing our game.  
   Thanks for playing our game.  
   Thanks for playing our game.  
   Thanks for playing our game.  
   Thanks for playing our game.  
   Thanks for playing our game.  
   Thanks for playing our game.  
   Thanks for playing our game.  
   Thanks for playing our game.  
   Thanks for playing our game.  
   Thanks for playing our game.  
   Thanks for playing our game.  
   Thanks for playing our game.  
   Thanks for playing our game.  
   Thanks for playing our game.  
   Thanks for playing our game.  
   Thanks for playing our game.  
   Thanks for playing our game.  
   Thanks for playing our game.  
   Thanks for playing our game.  
   Thanks for playing our game.  
   Thanks for playing our game.  
   Thanks for playing our game.  
   Thanks for playing our game.  
   Thanks for playing our game.  
   Thanks for playing our game.  
   Thanks for playing our game.  
   Thanks for playing our game.  
   Thanks for playing our game.  
   Thanks for playing our game.  
   Thanks for playing our game.  
   Thanks for playing our game.    
   Thanks for playing our game.  
   Thanks for playing our game.  
   Thanks for playing our game.  
   Thanks for playing our game.  
   Thanks for playing our game.  
   Thanks for playing our game.  
   Thanks for playing our game.  
   Thanks for playing our game.  
   Thanks for playing our game.  
   Thanks for playing our game.  
   Thanks for playing our game.  
   Thanks for playing our game.  
   Thanks for playing our game.  
   Thanks for playing our game.  
   Thanks for playing our game.  
   Thanks for playing our game.  
   Thanks for playing our game.  
   Thanks for playing our game.  
   Thanks for playing our game.  
   Thanks for playing our game.  
   Thanks for playing our game.  
   Thanks for playing our game.  
   Thanks for playing our game.  
   Thanks for playing our game.  
   Thanks for playing our game.  
   Thanks for playing our game.  
   Thanks for playing our game.  
   Thanks for playing our game.  
   Thanks for playing our game.  
   Thanks for playing our game.  
   Thanks for playing our game.  
   Thanks for playing our game.  
   Thanks for playing our game.  
   Thanks for playing our game.  
   Thanks for playing our game.  
   Thanks for playing our game.  
   Thanks for playing our game.  
   Thanks for playing our game.  
   Thanks for playing our game.  
   Thanks for playing our game.  
   Thanks for playing our game.  
   Thanks for playing our game.  
   Thanks for playing our game.  
   Thanks for playing our game.  
   Thanks for playing our game.  
   Thanks for playing our game.  
   Thanks for playing our game.  
   Thanks for playing our game.  
   Thanks for playing our game.  
   Thanks for playing our game.  
   Thanks for playing our game.  
   Thanks for playing our game.  
   Thanks for playing our game.  
   Thanks for playing our game.  
   Thanks for playing our game.  
   Thanks for playing our game.  
   Thanks for playing our game.  
   Thanks for playing our game.  
   Thanks for playing our game.  
   Thanks for playing our game.  
   Thanks for playing our game.  
   Thanks for playing our game.  
   Thanks for playing our game.  
   Thanks for playing our game.  
   Thanks for playing our game.  
   Thanks for playing our game.  

